Paroi;Mode de pose;Materiaux
 Toiture terrasse;Soudable;Bitume élastomère SBS
Toiture terrasse;Soudable;"Bitume élastomère SBS
Certifications et labels"
Toiture terrasse;Soudable;Bitume élastomère SBS
Toiture terrasse;Soudable;Bitume élastomère SBS
Toiture terrasse,Parois enterrées;Soudable;Bitume élastomère SBS
Toiture terrasse;Soudable;Bitume élastomère SBS
Toiture terrasse;Soudable;Bitume élastomère SBS
Toiture terrasse,Parois enterrées;Soudable;"Bitume élastomère SBS
Certifications et labels"
Toiture terrasse, Parois enterrées;Soudable;Bitume élastomère SBS
Toiture terrasse, Parois enterrées;;Bitume élastomère SBS
Toiture terrasse, Parois enterrées;Soudable;Bitume élastomère SBS
Toiture terrasse;Manuel;Résine bitume-polyuréthane
;Manuel;Bitume polymère
;Manuel;Autre bitume
Toiture terrasse;Manuel;Solvants
;;Autre bitume
Toiture terrasse; Manuel; Voile de verre
;Manuel; Polypropylène
;Fixé mécaniquement;PEHD
 Partie courante;;
Toiture en pente, Toiture terrasse, Parois enterrées, Planchers intermédiaires, Mur façade, Sol, Balcons et coursives, Gradins, Cloisons, Partie courante, Relevés, Pont, Parkings, Routes, Cuvelage, Soubassement;;Mélange semi-cimentaire de fibres minérales et de liants
Toiture terrasse, Planchers intermédiaires, Balcons et coursives, Bandeau, Gradins;; Polyuréthane (PU)
Partie courante;-;Polyuréthane (PU)
 Toiture terrasse, Planchers intermédiaires, Balcons et coursives, Gradins, Partie courante;; Polyuréthane (PU)
Toiture terrasse, Relevés;;Résine bitume-polyuréthane
Relevés;;Résine bitume-polyuréthane
Toiture terrasse;Manuel;Acier galvanisé
