idproduit;nom;type
1;\PDF\1-ELASTOVAP\FT_tds-wpbfr0103-fr-fr.pdf;Fiche technique
10;\PDF\10-COLPHENE CERADER\FT_tds-wpbfr0202-fr-fr.pdf;Fiche technique
11;\PDF\11-SOPRALENE FLAM JARDIN CAP\FT_tds-wpbfr0235-1-fr-fr.pdf;Fiche technique
11;\PDF\11-SOPRALENE FLAM JARDIN CAP\IP_DC-17-042_FR-Guide Sopralène Flam 180 - HD.pdf;Installation produit
11;\PDF\11-SOPRALENE FLAM JARDIN CAP\IP_DC-18-028_FR-Guide Parois Enterrees.pdf;Installation produit
12;\PDF\12-ANTIROCK P\FT_tds-wpbfr0004-fr-fr.pdf;Fiche technique
12;\PDF\12-ANTIROCK P\IP_ig-antirock p-fr-fr.pdf;Installation produit
12;\PDF\12-ANTIROCK P\PP_cpp-17_008_fr-fr-fr.pdf;Prescription de pose
14;\PDF\14-COLTACK\DS_sds-69-fr-fr.pdf;Donnée de sécurité
14;\PDF\14-COLTACK\FT_tds-misfr0136-fr-fr.pdf;Fiche technique
15;\PDF\15-SOPRACOLLE 300 N\DS_sds-18-fr-fr.pdf;Donnée de sécurité
15;\PDF\15-SOPRACOLLE 300 N\DS_sds-4200-fr-fr.pdf;Donnée de sécurité
15;\PDF\15-SOPRACOLLE 300 N\FT_tds-misfr0102-fr-fr.pdf;Fiche technique
15;\PDF\15-SOPRACOLLE 300 N\IP_DC-17-042_FR-Guide Sopralène Flam 180 - HD.pdf;Installation produit
15;\PDF\15-SOPRACOLLE 300 N\IP_DC-18-028_FR-Guide Parois Enterrees.pdf;Installation produit
15;\PDF\15-SOPRACOLLE 300 N\IP_DC-22-028_FR Guide des solutions auto-adhesives.pdf;Installation produit
15;\PDF\15-SOPRACOLLE 300 N\PP_cpp-05_224 f-fr-fr.pdf;Prescription de pose
16;\PDF\16-AQUADERE\DS_sds-10-fr-fr.pdf;Donnée de sécurité
16;\PDF\16-AQUADERE\FT_tds-misfr0130-en-fr.pdf;Fiche technique
16;\PDF\16-AQUADERE\FT_tds-misfr0130-fr-fr.pdf;Fiche technique
16;\PDF\16-AQUADERE\IP_DC-17-042_FR-Guide Sopralène Flam 180 - HD.pdf;Installation produit
17;\PDF\17-SOPRADERE\DS_sds-7-fr-fr.pdf;Donnée de sécurité
17;\PDF\17-SOPRADERE\FT_tds-misfr0132-fr-fr.pdf;Fiche technique
18;\PDF\18-ELASTOCOL 600\DS_sds-9-fr-fr.pdf;Donnée de sécurité
18;\PDF\18-ELASTOCOL 600\FT_tds-misfr0134-fr-fr.pdf;Fiche technique
19;\PDF\19-SOPREFLEX XP\FT_tds-wpbnl0001-fr-fr.pdf;Fiche technique
2;\PDF\2-ELASTOPHENE FLAM 25\FT_tds-wpbfr0204-fr-fr.pdf;Fiche technique
20;\PDF\20-SOPRAVOILE W100\FT_tds-misfr0191-fr-fr.pdf;Fiche technique
21;\PDF\21-SOPRAFILTRE\FT_tds-misfr0010-fr-fr.pdf;Fiche technique
22;\PDF\22-PROTECDRAIN\FT_tds-misfr0239-fr-fr.pdf;Fiche technique
22;\PDF\22-PROTECDRAIN\IP_DC-18-028_FR-Guide Parois Enterrees.pdf;Installation produit
22;\PDF\22-PROTECDRAIN\PP_cpp-dt-19_001_fr-fr-fr.pdf;Prescription de pose
23;\PDF\23-ALSAN SCREED 412\DS_sds-2225-fr-fr.pdf;Donnée de sécurité
24;\PDF\24-ALSAN MORTAR R460\DS_sds-2224-fr-fr.pdf;Donnée de sécurité
24;\PDF\24-ALSAN MORTAR R460\FT_tds-ccheu1927-fr-fr.pdf;Fiche technique
24;\PDF\24-ALSAN MORTAR R460\IP_ig-antirock p-fr-fr.pdf;Installation produit
25;\PDF\25-ALSAN PRIMAIRE H80\DS_sds-441-fr-fr.pdf;Donnée de sécurité
26;\PDF\26-ALSAN 400\DS_sds-60-fr-fr.pdf;Donnée de sécurité
26;\PDF\26-ALSAN 400\FT_tds-wplfr0003-fr-fr.pdf;Fiche technique
27;\PDF\27-ALSAN 500\DS_sds-50-fr-fr.pdf;Donnée de sécurité
27;\PDF\27-ALSAN 500\FT_tds-wplfr0005-fr-fr.pdf;Fiche technique
27;\PDF\27-ALSAN 500\PP_cpp-09_114f-fr-fr.pdf;Prescription de pose
28;\PDF\28-ALSAN FLASHING\DS_sds-55-fr-fr.pdf;Donnée de sécurité
28;\PDF\28-ALSAN FLASHING\FT_tds-wplfr0001-fr-fr.pdf;Fiche technique
28;\PDF\28-ALSAN FLASHING\PP_cpp-dt-21_008_fr-fr-fr.pdf;Prescription de pose
29;\PDF\29-ALSAN FLASHING JARDIN\DS_sds-600-fr-fr.pdf;Donnée de sécurité
29;\PDF\29-ALSAN FLASHING JARDIN\PP_cpp-dt-21_008_fr-fr-fr.pdf;Prescription de pose
3;\PDF\3-ELASTOPHENE FLAM 18025\FT_tds-wpbfr0211-fr-fr.pdf;Fiche technique
30;\PDF\30-ALSAN VOILE FLASHING\PP_cpp-dt-21_008_fr-fr-fr.pdf;Prescription de pose
4;\PDF\4-ELASTOPHENE FLAM 25 AR\FT_tds-wpbfr0206-1-fr-fr.pdf;Fiche technique
8;\PDF\8-COLPHENE 1500\FT_tds-wpbfr0200-fr-fr.pdf;Fiche technique
8;\PDF\8-COLPHENE 1500\IP_DC-22-028_FR Guide des solutions auto-adhesives.pdf;Installation produit
