idproduit;nom
1;images/1-ELASTOVAP/webimage-Elastovap-1.webp
1;images/1-ELASTOVAP/webimage-Elastovap-2.webp
1;images/1-ELASTOVAP/webimage-Elastovap-3.webp
11;images/11-SOPRALENE FLAM JARDIN CAP/webimage-Sopralene-Flam-Jardin-Cap-1.webp
11;images/11-SOPRALENE FLAM JARDIN CAP/webimage-Sopralene-Flam-Jardin-Cap-2.webp
11;images/11-SOPRALENE FLAM JARDIN CAP/webimage-Sopralene-Flam-Jardin-Cap-3.webp
12;images/12-ANTIROCK P/webimage-Antirock-P-1.webp
12;images/12-ANTIROCK P/webimage-Antirock-P-2.webp
12;images/12-ANTIROCK P/webimage-Antirock-P-3.webp
13;images/13-SOPRAJOINT/webimage-EUP000285_SOPRAJOINT-10-m-x-45-cm_A.webp
13;images/13-SOPRAJOINT/webimage-EUP000285_SOPRAJOINT-10-m-x-45-cm_B.webp
13;images/13-SOPRAJOINT/webimage-EUP000285_SOPRAJOINT-10-m-x-45-cm_C.webp
13;images/13-SOPRAJOINT/webimage-EUP000285_SOPRAJOINT-10-m-x-45-cm_C1.webp
14;images/14-COLTACK/webimage-Coltack-1.webp
14;images/14-COLTACK/webimage-Coltack-2.webp
15;images/15-SOPRACOLLE 300 N/webimage-Sopracolle-300-N-1.webp
15;images/15-SOPRACOLLE 300 N/webimage-Sopracolle-300-N-2.webp
15;images/15-SOPRACOLLE 300 N/webimage-Sopracolle-300-N-3.webp
16;images/16-AQUADERE/webimage-EUP000374_Aquadere-5-L-et-25-L.webp
16;images/16-AQUADERE/webimage-EUP000545_Aquadere-Stick-25L_B.webp
16;images/16-AQUADERE/webimage-EUP000545_Aquadere-Stick-5L_A.webp
17;images/17-SOPRADERE/webimage-Sopradere-1-1.webp
17;images/17-SOPRADERE/webimage-Sopradere-2-1.webp
17;images/17-SOPRADERE/webimage-Sopradere-3-partie-MKG-5-L-1000.webp
17;images/17-SOPRADERE/webimage-Sopradere-4-partie-MKG-25-L-1000.webp
17;images/17-SOPRADERE/webimage-Sopradere-Famille.webp
18;images/18-ELASTOCOL 600/webimage-Elastocol-600-partie-MKG-30-L-1000.webp
18;images/18-ELASTOCOL 600/webimage-Elastocol-600-partie-MKG-5-L-1000.webp
18;images/18-ELASTOCOL 600/webimage-EUP000472-ELASTOCOL_600-perspective-1kg.webp
18;images/18-ELASTOCOL 600/webimage-EUP000472_Elastocol-600-1-L-5-L-30-L.webp
18;images/18-ELASTOCOL 600/webimage-EUP000472_Elastocol-600-30L_A.webp
18;images/18-ELASTOCOL 600/webimage-EUP000472_Elastocol-600-5L.webp
19;images/19-SOPREFLEX XP/webimage-Sopreflex-XP-1.webp
19;images/19-SOPREFLEX XP/webimage-Sopreflex-XP-2.webp
2;images/2-ELASTOPHENE FLAM 25/webimage-Elastophene-Flam-25-1.webp
2;images/2-ELASTOPHENE FLAM 25/webimage-Elastophene-Flam-25-2.webp
2;images/2-ELASTOPHENE FLAM 25/webimage-Elastophene-Flam-25-3.webp
20;images/20-SOPRAVOILE W100/webimage-Sopravoile-100-1.webp
20;images/20-SOPRAVOILE W100/webimage-Sopravoile-100-2.webp
20;images/20-SOPRAVOILE W100/webimage-Sopravoile-100-3.webp
21;images/21-SOPRAFILTRE/webimage-EUP000383_Soprafiltre-Ecran-TR100_A.webp
21;images/21-SOPRAFILTRE/webimage-EUP000383_Soprafiltre-Ecran-TR100_B.webp
21;images/21-SOPRAFILTRE/webimage-EUP000383_Soprafiltre-packaging.webp
22;images/22-PROTECDRAIN/webimage-EUP000748_PROTECDRAIN-1m-GP_A.webp
22;images/22-PROTECDRAIN/webimage-EUP000748_protecdrain-MEO_C.jpg
22;images/22-PROTECDRAIN/webimage-EUP000748_protecdrain_noir_D.webp
23;images/23-ALSAN SCREED 412/soprema-logo_symbol-colors-rgb.webp
24;images/24-ALSAN MORTAR R460/webimage-EU_00156187_Alsan_Mortar_R460_25KgCMJN_A.webp
25;images/25-ALSAN PRIMAIRE H80/webimage-Alsan-Primaire-H80-partie-MKG-20kg-1000.webp
25;images/25-ALSAN PRIMAIRE H80/webimage-Alsan-Primaire-H80-partie-MKG-5kg-1000.webp
25;images/25-ALSAN PRIMAIRE H80/webimage-EUP000531_Alsan-H80_20kg.webp
25;images/25-ALSAN PRIMAIRE H80/webimage-EUP000531_Alsan-H80_5kg.webp
25;images/25-ALSAN PRIMAIRE H80/webimage-EUP000531_Alsan-H80_famille.webp
26;images/26-ALSAN 400/webimage-Alsan-400-1.webp
26;images/26-ALSAN 400/webimage-Alsan-400-2.webp
26;images/26-ALSAN 400/webimage-Alsan-400-3.webp
26;images/26-ALSAN 400/webimage-Alsan-400-partie-MKG-25kg-1000.webp
26;images/26-ALSAN 400/webimage-Alsan-400-partie-MKG-5kg-1000.webp
27;images/27-ALSAN 500/webimage-Alsan-500-1.webp
27;images/27-ALSAN 500/webimage-Alsan-500-2.webp
27;images/27-ALSAN 500/webimage-Alsan-500-3.webp
27;images/27-ALSAN 500/webimage-Alsan-500-partie-MKG-25kg-1000.webp
27;images/27-ALSAN 500/webimage-Alsan-500-partie-MKG-5kg-1000.webp
28;images/28-ALSAN FLASHING/webimage-Alsan-Flashing-1-5kg.webp
28;images/28-ALSAN FLASHING/webimage-Alsan-Flashing-3-15kg.webp
28;images/28-ALSAN FLASHING/webimage-Alsan-Flashing-4-5kg.webp
28;images/28-ALSAN FLASHING/webimage-Alsan-Flashing-5-15kg.webp
28;images/28-ALSAN FLASHING/webimage-Alsan-Flashing-Famille-0-perspective-famille5-15-1000.webp
29;images/29-ALSAN FLASHING JARDIN/webimage-Alsan-Flashing-Jardin-3.webp
29;images/29-ALSAN FLASHING JARDIN/webimage-Alsan-Flashing-Jardin-6.webp
29;images/29-ALSAN FLASHING JARDIN/webimage-Alsan-Flashing-Jardin-Famille-1-perspective-famille5-15-1000.webp
29;images/29-ALSAN FLASHING JARDIN/webimage-Alsan-Flashing-Jardin-partie-MKG-15kg-1000.webp
29;images/29-ALSAN FLASHING JARDIN/webimage-Alsan-Flashing-Jardin-partie-MKG-5kg-1000.webp
3;images/3-ELASTOPHENE FLAM 18025/webimage-Elastophene-Flam-180-25-1.webp
3;images/3-ELASTOPHENE FLAM 18025/webimage-Elastophene-Flam-180-25-2.webp
3;images/3-ELASTOPHENE FLAM 18025/webimage-Elastophene-Flam-180-25-3.webp
30;images/30-ALSAN VOILE FLASHING/webimage-Alsan-Voile-Flashing-1.webp
31;images/31-CRAPAUDINES/webimage-EUP000569_Crapaudine-droite_A.webp
32;images/32-PATTES DE LAPIN/webimage-EU_00101981_Monture_Patte_Lapin_PVC_A.webp
4;images/4-ELASTOPHENE FLAM 25 AR/webimage-Elastophene-Flam-25-AR-1.webp
4;images/4-ELASTOPHENE FLAM 25 AR/webimage-Elastophene-Flam-25-AR-2 (1).webp
4;images/4-ELASTOPHENE FLAM 25 AR/webimage-Elastophene-Flam-25-AR-2.webp
4;images/4-ELASTOPHENE FLAM 25 AR/webimage-Elastophene-Flam-25-AR-3.webp
5;images/5-SOPRALENE FLAM 180/webimage-Sopralene-Flam-180-1.webp
5;images/5-SOPRALENE FLAM 180/webimage-Sopralene-Flam-180-2.webp
6;images/6-SOPRALENE FLAM 180 AR/webimage-Sopralene-Flam-180-3.webp
6;images/6-SOPRALENE FLAM 180 AR/webimage-Sopralene-Flam-180-AR-1.webp
6;images/6-SOPRALENE FLAM 180 AR/webimage-Sopralene-Flam-180-AR-2.webp
6;images/6-SOPRALENE FLAM 180 AR/webimage-Sopralene-Flam-180-AR-3.webp
7;images/7-EQUERRE DE RENFORT SOPRALENE/webimage-Equerre-de-Renfort-Sopralene-1.webp
7;images/7-EQUERRE DE RENFORT SOPRALENE/webimage-Equerre-de-Renfort-Sopralene-2.webp
7;images/7-EQUERRE DE RENFORT SOPRALENE/webimage-Equerre-de-Renfort-Sopralene-3.webp
7;images/7-EQUERRE DE RENFORT SOPRALENE/webimage-Equerre-de-Renfort-Sopralene-4.webp
8;images/8-COLPHENE 1500/webimage-COLPHENE-1500.webp
8;images/8-COLPHENE 1500/webimage-EUP000148-COLPHENE-1500-face.webp
8;images/8-COLPHENE 1500/webimage-EUP000148-COLPHENE-1500-Ouvert-rouleau.webp
8;images/8-COLPHENE 1500/webimage-EUP000148-COLPHENE-1500-Ouvert.webp
9;images/9-COLPHENE 2090 AR/COLPHENE 2090 AR.jpeg
